size,sort_type,input_type,micro_time,comparisons
0,insertion,ascending,0.741571,0
0,merge,ascending,0.749857,0
0,hybrid,ascending,0.744,0
0,insertion,descending,0.748714,0
0,merge,descending,0.726857,0
0,hybrid,descending,0.748286,0
0,insertion,random,0.756857,0
0,merge,random,0.735714,0
0,hybrid,random,0.750429,0
1,insertion,ascending,0.721429,0
1,merge,ascending,0.753571,0
1,hybrid,ascending,0.724143,0
1,insertion,descending,0.728857,0
1,merge,descending,0.726286,0
1,hybrid,descending,0.730857,0
1,insertion,random,0.745571,0
1,merge,random,0.742,0
1,hybrid,random,0.790286,0
2,insertion,ascending,0.752286,1
2,merge,ascending,0.874,1
2,hybrid,ascending,0.720714,1
2,insertion,descending,0.745143,2
2,merge,descending,0.846143,1
2,hybrid,descending,0.743857,2
2,insertion,random,0.812143,1.50029
2,merge,random,0.879286,1
2,hybrid,random,0.791429,1.49557
3,insertion,ascending,0.621286,2
3,merge,ascending,0.89,3
3,hybrid,ascending,0.692143,2
3,insertion,descending,0.637571,5
3,merge,descending,0.824857,2
3,hybrid,descending,0.700143,5
3,insertion,random,0.729857,3.49257
3,merge,random,0.900429,2.67343
3,hybrid,random,0.749429,3.487
4,insertion,ascending,0.481571,3
4,merge,ascending,0.783429,4
4,hybrid,ascending,0.506286,3
4,insertion,descending,0.511571,9
4,merge,descending,0.784714,4
4,hybrid,descending,0.524714,9
4,insertion,random,0.579286,6.00886
4,merge,random,0.885571,4.67371
4,hybrid,random,0.611,6.00043
5,insertion,ascending,0.434429,4
5,merge,ascending,0.877,7
5,hybrid,ascending,0.451714,4
5,insertion,descending,0.492571,14
5,merge,descending,0.896857,5
5,hybrid,descending,0.494571,14
5,insertion,random,0.573571,9.01629
5,merge,random,0.944143,7.17957
5,hybrid,random,0.556714,8.98871
6,insertion,ascending,0.473,5
6,merge,ascending,0.958429,9
6,hybrid,ascending,0.498857,5
6,insertion,descending,0.534714,20
6,merge,descending,0.949429,7
6,hybrid,descending,0.578429,20
6,insertion,random,0.642857,12.5021
6,merge,random,0.995714,9.83814
6,hybrid,random,0.671429,12.4794
7,insertion,ascending,0.476143,6
7,merge,ascending,0.995571,11
7,hybrid,ascending,0.570714,6
7,insertion,descending,0.627429,27
7,merge,descending,0.988571,9
7,hybrid,descending,0.701429,27
7,insertion,random,0.745286,16.4191
7,merge,random,1.01057,12.7407
7,hybrid,random,0.803714,16.507
8,insertion,ascending,0.503857,7
8,merge,ascending,1.01429,12
8,hybrid,ascending,0.511857,7
8,insertion,descending,0.631571,35
8,merge,descending,1.015,12
8,hybrid,descending,0.675571,35
8,insertion,random,0.844,20.9673
8,merge,random,1.04857,15.7354
8,hybrid,random,0.861286,20.9507
9,insertion,ascending,0.452714,8
9,merge,ascending,1.02571,16
9,hybrid,ascending,0.479857,8
9,insertion,descending,0.655714,44
9,merge,descending,1.01114,13
9,hybrid,descending,0.827857,44
9,insertion,random,0.868857,26.0047
9,merge,random,1.042,19.1736
9,hybrid,random,0.869714,26.028
10,insertion,ascending,0.524143,9
10,merge,ascending,1.033,19
10,hybrid,ascending,0.535143,9
10,insertion,descending,0.818857,54
10,merge,descending,1.03671,15
10,hybrid,descending,0.831143,54
10,insertion,random,0.911714,31.4357
10,merge,random,1.10457,22.639
10,hybrid,random,0.922714,31.5097
11,insertion,ascending,0.576857,10
11,merge,ascending,1.03971,22
11,hybrid,ascending,0.593143,10
11,insertion,descending,0.815,65
11,merge,descending,1.04071,17
11,hybrid,descending,0.906,65
11,insertion,random,0.945714,37.4774
11,merge,random,1.28786,26.2594
11,hybrid,random,0.983571,37.4969
12,insertion,ascending,0.565286,11
12,merge,ascending,1.07743,24
12,hybrid,ascending,0.578286,11
12,insertion,descending,0.890429,77
12,merge,descending,1.08,20
12,hybrid,descending,0.934143,77
12,insertion,random,0.981,43.9196
12,merge,random,1.43486,29.9424
12,hybrid,random,0.999857,44.1361
13,insertion,ascending,0.499,12
13,merge,ascending,1.10671,27
13,hybrid,ascending,0.526,12
13,insertion,descending,0.928857,90
13,merge,descending,1.12114,22
13,hybrid,descending,0.964429,90
13,insertion,random,0.981143,50.9557
13,merge,random,1.53686,33.8037
13,hybrid,random,1.00729,50.7444
14,insertion,ascending,0.526714,13
14,merge,ascending,1.17086,29
14,hybrid,ascending,0.525714,13
14,insertion,descending,0.988429,104
14,merge,descending,1.20743,25
14,hybrid,descending,0.993,104
14,insertion,random,1.01357,58.5666
14,merge,random,1.73729,37.6927
14,hybrid,random,1.007,58.5306
15,insertion,ascending,0.583714,14
15,merge,ascending,1.36543,31
15,hybrid,ascending,0.585286,14
15,insertion,descending,1.01243,119
15,merge,descending,1.39943,28
15,hybrid,descending,1.008,119
15,insertion,random,1.01686,66.357
15,merge,random,1.96986,41.6914
15,hybrid,random,1.00986,66.3399
16,insertion,ascending,0.557857,15
16,merge,ascending,1.364,32
16,hybrid,ascending,0.560286,15
16,insertion,descending,1.01729,135
16,merge,descending,1.396,32
16,hybrid,descending,1.01714,135
16,insertion,random,1.02029,74.8086
16,merge,random,1.93171,45.6566
16,hybrid,random,1.02729,75.071
17,insertion,ascending,0.571,16
17,merge,ascending,1.57386,37
17,hybrid,ascending,0.616143,16
17,insertion,descending,1.03243,152
17,merge,descending,1.58029,33
17,hybrid,descending,1.033,152
17,insertion,random,1.047,83.7676
17,merge,random,2.00486,50.0884
17,hybrid,random,1.03243,83.8304
18,insertion,ascending,0.615571,17
18,merge,ascending,1.75714,41
18,hybrid,ascending,0.692571,17
18,insertion,descending,1.00857,170
18,merge,descending,1.81114,35
18,hybrid,descending,1.01657,170
18,insertion,random,1.01371,93.5107
18,merge,random,2.01871,54.5469
18,hybrid,random,1.03029,93.316
19,insertion,ascending,0.600429,18
19,merge,ascending,1.80871,45
19,hybrid,ascending,0.595143,18
19,insertion,descending,1.047,189
19,merge,descending,1.83743,37
19,hybrid,descending,1.06186,189
19,insertion,random,1.05286,103.476
19,merge,random,2.10243,59.0069
19,hybrid,random,1.06729,103.473
20,insertion,ascending,0.592571,19
20,merge,ascending,1.92186,48
20,hybrid,ascending,0.577429,19
20,insertion,descending,1.03743,209
20,merge,descending,1.94486,40
20,hybrid,descending,1.06671,209
20,insertion,random,1.03457,113.692
20,merge,random,2.14786,63.4451
20,hybrid,random,1.06157,113.835
21,insertion,ascending,0.631714,20
21,merge,ascending,2.001,52
21,hybrid,ascending,0.652857,20
21,insertion,descending,1.10457,230
21,merge,descending,2.00186,42
21,hybrid,descending,1.177,230
21,insertion,random,1.07457,125.111
21,merge,random,2.50057,68.129
21,hybrid,random,1.11686,124.76
22,insertion,ascending,0.613714,21
22,merge,ascending,1.96129,55
22,hybrid,ascending,0.629571,21
22,insertion,descending,1.19957,252
22,merge,descending,1.97714,45
22,hybrid,descending,1.285,252
22,insertion,random,1.12014,136.484
22,merge,random,2.56314,72.7001
22,hybrid,random,1.17714,136.444
23,insertion,ascending,0.639429,22
23,merge,ascending,2.012,58
23,hybrid,ascending,0.661571,22
23,insertion,descending,1.33629,275
23,merge,descending,2.02557,48
23,hybrid,descending,1.44257,275
23,insertion,random,1.24457,148.653
23,merge,random,2.82371,77.4263
23,hybrid,random,1.28229,148.383
24,insertion,ascending,0.664571,23
24,merge,ascending,2.01243,60
24,hybrid,ascending,0.664143,23
24,insertion,descending,1.48086,299
24,merge,descending,2.015,52
24,hybrid,descending,1.555,299
24,insertion,random,1.278,160.512
24,merge,random,2.89986,82.0569
24,hybrid,random,1.35186,160.716
25,insertion,ascending,0.633286,24
25,merge,ascending,2.04586,64
25,hybrid,ascending,0.663857,24
25,insertion,descending,1.60257,324
25,merge,descending,2.06043,54
25,hybrid,descending,1.74743,324
25,insertion,random,1.35129,173.948
25,merge,random,2.99214,86.9327
25,hybrid,random,1.439,173.919
26,insertion,ascending,0.657286,25
26,merge,ascending,2.11771,67
26,hybrid,ascending,0.714571,25
26,insertion,descending,1.78014,350
26,merge,descending,2.14557,57
26,hybrid,descending,1.85571,350
26,insertion,random,1.49743,187.103
26,merge,random,3.031,91.7631
26,hybrid,random,1.58043,187.417
27,insertion,ascending,0.670714,26
27,merge,ascending,2.261,70
27,hybrid,ascending,0.745143,26
27,insertion,descending,1.91257,377
27,merge,descending,2.298,60
27,hybrid,descending,1.98114,377
27,insertion,random,1.59586,201.015
27,merge,random,3.07386,96.6573
27,hybrid,random,1.70086,200.988
28,insertion,ascending,0.587857,27
28,merge,ascending,2.24371,72
28,hybrid,ascending,0.603,27
28,insertion,descending,1.90014,405
28,merge,descending,2.27429,64
28,hybrid,descending,1.952,405
28,insertion,random,1.56343,215.593
28,merge,random,3.13471,101.517
28,hybrid,random,1.64957,215.795
29,insertion,ascending,0.543286,28
29,merge,ascending,2.182,75
29,hybrid,ascending,0.583143,28
29,insertion,descending,1.88486,434
29,merge,descending,2.20643,67
29,hybrid,descending,1.95,434
29,insertion,random,1.53971,230.993
29,merge,random,3.12471,106.569
29,hybrid,random,1.60514,230.459
30,insertion,ascending,0.514857,29
30,merge,ascending,2.02514,77
30,hybrid,ascending,0.532571,29
30,insertion,descending,1.788,464
30,merge,descending,2.04757,71
30,hybrid,descending,1.863,464
30,insertion,random,1.38343,246.406
30,merge,random,2.99543,111.472
30,hybrid,random,1.44757,246.275
31,insertion,ascending,0.464714,30
31,merge,ascending,1.99129,79
31,hybrid,ascending,0.937571,45
31,insertion,descending,1.69157,495
31,merge,descending,2.002,75
31,hybrid,descending,1.79814,495
31,insertion,random,1.24,261.761
31,merge,random,2.83286,116.438
31,hybrid,random,1.30514,262.068
32,insertion,ascending,0.468143,31
32,merge,ascending,2.00286,80
32,hybrid,ascending,0.902571,46
32,insertion,descending,1.72957,527
32,merge,descending,2.00557,80
32,hybrid,descending,1.83729,527
32,insertion,random,1.21657,278.761
32,merge,random,2.65586,121.456
32,hybrid,random,1.296,278.446
33,insertion,ascending,0.470286,32
33,merge,ascending,1.96686,86
33,hybrid,ascending,0.870857,48
33,insertion,descending,1.674,560
33,merge,descending,1.96957,81
33,hybrid,descending,1.74871,560
33,insertion,random,1.20543,296.15
33,merge,random,2.5,126.858
33,hybrid,random,1.24686,296.141
34,insertion,ascending,0.500143,33
34,merge,ascending,2.00629,91
34,hybrid,ascending,0.868,49
34,insertion,descending,1.70086,594
34,merge,descending,2.00771,83
34,hybrid,descending,1.79814,594
34,insertion,random,1.22671,313.085
34,merge,random,2.56857,132.335
34,hybrid,random,1.25843,312.987
35,insertion,ascending,0.489286,34
35,merge,ascending,1.98514,96
35,hybrid,ascending,0.860857,51
35,insertion,descending,1.76286,629
35,merge,descending,1.98729,85
35,hybrid,descending,1.88114,629
35,insertion,random,1.25043,330.694
35,merge,random,2.68171,137.752
35,hybrid,random,1.31357,331.504
36,insertion,ascending,0.496429,35
36,merge,ascending,2.00371,100
36,hybrid,ascending,0.880429,52
36,insertion,descending,1.91843,665
36,merge,descending,2.00386,88
36,hybrid,descending,1.30271,358
36,insertion,random,1.34086,350.02
36,merge,random,2.80214,143.148
36,hybrid,random,1.40671,350.274
37,insertion,ascending,0.469571,36
37,merge,ascending,2.03157,105
37,hybrid,ascending,0.915286,54
37,insertion,descending,1.99186,702
37,merge,descending,2.031,90
37,hybrid,descending,1.42757,377
37,insertion,random,1.41443,368.617
37,merge,random,2.938,148.707
37,hybrid,random,1.50643,368.673
38,insertion,ascending,0.498286,37
38,merge,ascending,2.017,109
38,hybrid,ascending,0.931857,55
38,insertion,descending,1.98757,740
38,merge,descending,2.02729,93
38,hybrid,descending,1.45214,397
38,insertion,random,1.511,388.061
38,merge,random,2.96986,154.042
38,hybrid,random,1.56829,387.252
39,insertion,ascending,0.518857,38
39,merge,ascending,2.01571,113
39,hybrid,ascending,0.954,57
39,insertion,descending,2.00257,779
39,merge,descending,2.03214,96
39,hybrid,descending,1.62186,417
39,insertion,random,1.61657,408.664
39,merge,random,3.01286,159.591
39,hybrid,random,1.64943,408.169
40,insertion,ascending,0.514143,39
40,merge,ascending,2.06486,116
40,hybrid,ascending,0.962429,58
40,insertion,descending,2.058,819
40,merge,descending,2.08129,100
40,hybrid,descending,1.65443,438
40,insertion,random,1.67243,428.547
40,merge,random,3.00943,165.168
40,hybrid,random,1.72186,428.668
41,insertion,ascending,0.463286,40
41,merge,ascending,2.14771,121
41,hybrid,ascending,0.947,60
41,insertion,descending,2.19029,860
41,merge,descending,2.15529,102
41,hybrid,descending,1.80329,459
41,insertion,random,1.72814,449.24
41,merge,random,3.07071,170.645
41,hybrid,random,1.81029,448.329
42,insertion,ascending,0.542143,41
42,merge,ascending,2.21614,125
42,hybrid,ascending,0.927429,61
42,insertion,descending,2.05143,902
42,merge,descending,2.22414,105
42,hybrid,descending,1.79986,481
42,insertion,random,1.80714,471.15
42,merge,random,3.04686,176.331
42,hybrid,random,1.85129,469.538
43,insertion,ascending,0.572286,42
43,merge,ascending,2.22614,129
43,hybrid,ascending,0.957143,63
43,insertion,descending,2.09729,945
43,merge,descending,2.31643,108
43,hybrid,descending,1.89786,503
43,insertion,random,1.89943,493.836
43,merge,random,3.11286,181.984
43,hybrid,random,1.899,493.551
44,insertion,ascending,0.438,43
44,merge,ascending,2.32071,132
44,hybrid,ascending,0.947857,64
44,insertion,descending,2.49243,989
44,merge,descending,2.33857,112
44,hybrid,descending,1.91414,526
44,insertion,random,1.89543,515.497
44,merge,random,3.20643,187.549
44,hybrid,random,1.95186,515.764
45,insertion,ascending,0.553571,44
45,merge,ascending,2.40943,136
45,hybrid,ascending,0.982,66
45,insertion,descending,2.38243,1034
45,merge,descending,2.46186,115
45,hybrid,descending,1.981,549
45,insertion,random,1.97043,538.021
45,merge,random,3.37186,193.145
45,hybrid,random,1.98086,538.017
46,insertion,ascending,0.565571,45
46,merge,ascending,2.55371,139
46,hybrid,ascending,0.986429,67
46,insertion,descending,2.52929,1080
46,merge,descending,2.64086,119
46,hybrid,descending,1.98871,573
46,insertion,random,1.99086,562.453
46,merge,random,3.59071,198.799
46,hybrid,random,1.99386,561.913
47,insertion,ascending,0.599286,46
47,merge,ascending,2.62871,142
47,hybrid,ascending,0.997,69
47,insertion,descending,2.69414,1127
47,merge,descending,2.71371,123
47,hybrid,descending,2.016,597
47,insertion,random,2.00314,586.301
47,merge,random,3.795,204.468
47,hybrid,random,2.01043,586.754
48,insertion,ascending,0.608571,47
48,merge,ascending,2.69214,144
48,hybrid,ascending,1.00014,70
48,insertion,descending,2.84329,1175
48,merge,descending,2.79829,128
48,hybrid,descending,1.99157,622
48,insertion,random,2.006,610.489
48,merge,random,3.83971,210.101
48,hybrid,random,2.01786,609.74
49,insertion,ascending,0.636429,48
49,merge,ascending,2.80929,149
49,hybrid,ascending,0.997286,72
49,insertion,descending,2.97643,1224
49,merge,descending,2.868,130
49,hybrid,descending,2.025,647
49,insertion,random,2.021,636.16
49,merge,random,3.95886,215.987
49,hybrid,random,2.05986,635.72
50,insertion,ascending,0.616,49
50,merge,ascending,2.892,153
50,hybrid,ascending,0.995143,73
50,insertion,descending,3.02314,1274
50,merge,descending,2.94071,133
50,hybrid,descending,2.02186,673
50,insertion,random,2.03743,661.172
50,merge,random,4.00043,221.909
50,hybrid,random,2.082,661.173
51,insertion,ascending,0.641429,50
51,merge,ascending,2.94957,157
51,hybrid,ascending,0.991286,75
51,insertion,descending,3.02371,1325
51,merge,descending,2.99629,136
51,hybrid,descending,2.02486,699
51,insertion,random,2.07543,685.801
51,merge,random,4.01829,227.759
51,hybrid,random,2.08986,687.691
52,insertion,ascending,0.650714,51
52,merge,ascending,2.98643,160
52,hybrid,ascending,1.00686,76
52,insertion,descending,3.02357,1377
52,merge,descending,3.00471,140
52,hybrid,descending,2.01957,726
52,insertion,random,2.104,713.764
52,merge,random,4.03743,233.606
52,hybrid,random,2.164,712.525
53,insertion,ascending,0.642571,52
53,merge,ascending,3.01471,164
53,hybrid,ascending,1.00229,78
53,insertion,descending,3.02657,1430
53,merge,descending,3.01057,143
53,hybrid,descending,2.06929,753
53,insertion,random,2.15729,740.233
53,merge,random,4.05857,239.546
53,hybrid,random,2.24014,740.262
54,insertion,ascending,0.651714,53
54,merge,ascending,3.01586,167
54,hybrid,ascending,1.00543,79
54,insertion,descending,3.084,1484
54,merge,descending,3.02271,147
54,hybrid,descending,2.11529,781
54,insertion,random,2.23586,767.353
54,merge,random,4.09586,245.435
54,hybrid,random,2.33071,766.525
55,insertion,ascending,0.646286,54
55,merge,ascending,3.02657,170
55,hybrid,ascending,1.00857,81
55,insertion,descending,3.19286,1539
55,merge,descending,3.01714,151
55,hybrid,descending,2.28386,809
55,insertion,random,2.332,794.959
55,merge,random,4.16457,251.368
55,hybrid,random,2.43514,795.789
56,insertion,ascending,0.654857,55
56,merge,ascending,3.02,172
56,hybrid,ascending,1.00843,82
56,insertion,descending,3.55314,1595
56,merge,descending,3.02957,156
56,hybrid,descending,2.4,838
56,insertion,random,2.39343,824.934
56,merge,random,4.20629,257.261
56,hybrid,random,2.55057,823.02
57,insertion,ascending,0.65,56
57,merge,ascending,3.01757,176
57,hybrid,ascending,1.00771,84
57,insertion,descending,3.81771,1652
57,merge,descending,3.04314,159
57,hybrid,descending,2.56643,867
57,insertion,random,2.53829,856.408
57,merge,random,4.41543,263.12
57,hybrid,random,2.67286,852.106
58,insertion,ascending,0.656143,57
58,merge,ascending,3.017,179
58,hybrid,ascending,1.01529,85
58,insertion,descending,3.98214,1710
58,merge,descending,3.03114,163
58,hybrid,descending,2.65786,897
58,insertion,random,2.69443,884.066
58,merge,random,4.628,269.112
58,hybrid,random,2.77086,882.691
59,insertion,ascending,0.650143,58
59,merge,ascending,3.04314,182
59,hybrid,ascending,1.00686,87
59,insertion,descending,4.02743,1769
59,merge,descending,3.09429,167
59,hybrid,descending,2.80586,927
59,insertion,random,2.79443,913.468
59,merge,random,4.80429,275.149
59,hybrid,random,2.85986,913.666
60,insertion,ascending,0.665857,59
60,merge,ascending,3.04271,184
60,hybrid,ascending,1.00943,88
60,insertion,descending,4.01329,1829
60,merge,descending,3.144,172
60,hybrid,descending,2.88286,958
60,insertion,random,2.86,944.533
60,merge,random,4.902,281.167
60,hybrid,random,2.92457,943.592
61,insertion,ascending,0.666714,60
61,merge,ascending,3.07157,187
61,hybrid,ascending,1.02443,105
61,insertion,descending,4.02843,1890
61,merge,descending,3.20657,176
61,hybrid,descending,2.99514,989
61,insertion,random,2.88843,973.594
61,merge,random,4.963,286.976
61,hybrid,random,2.95771,974.407
62,insertion,ascending,0.694429,61
62,merge,ascending,3.09671,189
62,hybrid,ascending,1.23957,121
62,insertion,descending,4.12457,1952
62,merge,descending,3.29329,181
62,hybrid,descending,3.01014,1021
62,insertion,random,2.95157,1005.5
62,merge,random,4.99429,293.098
62,hybrid,random,2.99086,1005.29
63,insertion,ascending,0.699429,62
63,merge,ascending,3.14543,191
63,hybrid,ascending,1.32743,123
63,insertion,descending,4.24429,2015
63,merge,descending,3.36143,186
63,hybrid,descending,3.01614,1053
63,insertion,random,3.00143,1037.8
63,merge,random,5.00914,299.039
63,hybrid,random,3.02657,1039.27
64,insertion,ascending,0.693857,63
64,merge,ascending,3.17657,192
64,hybrid,ascending,1.33486,124
64,insertion,descending,4.49943,2079
64,merge,descending,3.49043,192
64,hybrid,descending,3.01271,1086
64,insertion,random,3.02886,1069.52
64,merge,random,5.03057,304.966
64,hybrid,random,3.04943,1070.09
65,insertion,ascending,0.703286,64
65,merge,ascending,3.35086,199
65,hybrid,ascending,1.35257,127
65,insertion,descending,4.66757,2144
65,merge,descending,3.702,193
65,hybrid,descending,3.01986,1119
65,insertion,random,3.04657,1101.22
65,merge,random,5.05271,311.385
65,hybrid,random,3.09714,1103.39
66,insertion,ascending,0.706714,65
66,merge,ascending,3.66886,205
66,hybrid,ascending,1.37614,129
66,insertion,descending,4.90614,2210
66,merge,descending,3.88871,195
66,hybrid,descending,3.019,1153
66,insertion,random,3.08529,1136.81
66,merge,random,5.10343,317.841
66,hybrid,random,3.15643,1135.04
67,insertion,ascending,0.706429,66
67,merge,ascending,3.85514,211
67,hybrid,ascending,1.39657,131
67,insertion,descending,5.00314,2277
67,merge,descending,3.96971,197
67,hybrid,descending,3.051,1187
67,insertion,random,3.14914,1168.31
67,merge,random,5.24357,324.235
67,hybrid,random,3.258,1171.85
68,insertion,ascending,0.713286,67
68,merge,ascending,3.87243,216
68,hybrid,ascending,1.40014,132
68,insertion,descending,5.02814,2345
68,merge,descending,4.01586,200
68,hybrid,descending,3.10286,1222
68,insertion,random,3.21471,1205.16
68,merge,random,5.32729,330.641
68,hybrid,random,3.36143,1206.87
69,insertion,ascending,0.695429,68
69,merge,ascending,3.93029,222
69,hybrid,ascending,1.413,135
69,insertion,descending,5.02871,2414
69,merge,descending,3.96129,202
69,hybrid,descending,3.24114,1257
69,insertion,random,3.28957,1239.62
69,merge,random,5.49129,337.144
69,hybrid,random,3.45671,1241.39
70,insertion,ascending,0.680714,69
70,merge,ascending,3.97771,227
70,hybrid,ascending,1.40857,137
70,insertion,descending,5.20414,2484
70,merge,descending,3.98771,205
70,hybrid,descending,3.366,1293
70,insertion,random,3.42157,1275.56
70,merge,random,5.59143,343.464
70,hybrid,random,3.58243,1277.15
71,insertion,ascending,0.707857,70
71,merge,ascending,4.00286,232
71,hybrid,ascending,1.52443,139
71,insertion,descending,5.30129,2555
71,merge,descending,4.01814,208
71,hybrid,descending,3.04386,1022
71,insertion,random,3.567,1308.46
71,merge,random,5.71943,349.95
71,hybrid,random,3.69157,1311.25
72,insertion,ascending,0.698714,71
72,merge,ascending,3.99286,236
72,hybrid,ascending,1.48186,140
72,insertion,descending,5.58086,2627
72,merge,descending,3.99429,212
72,hybrid,descending,2.84557,752
72,insertion,random,3.67871,1349.06
72,merge,random,5.74471,356.378
72,hybrid,random,3.79114,1350.75
73,insertion,ascending,0.707286,72
73,merge,ascending,4.073,242
73,hybrid,ascending,1.39629,143
73,insertion,descending,6.14629,2700
73,merge,descending,4.07171,214
73,hybrid,descending,2.88271,771
73,insertion,random,3.86714,1385.84
73,merge,random,5.86443,362.848
73,hybrid,random,3.98057,1384.28
74,insertion,ascending,0.740286,73
74,merge,ascending,4.08771,247
74,hybrid,ascending,1.357,145
74,insertion,descending,6.42614,2774
74,merge,descending,4.11329,217
74,hybrid,descending,2.94657,791
74,insertion,random,3.981,1421.87
74,merge,random,5.94414,369.394
74,hybrid,random,4.08271,1421.01
75,insertion,ascending,0.743429,74
75,merge,ascending,4.11271,252
75,hybrid,ascending,1.43657,147
75,insertion,descending,6.42543,2849
75,merge,descending,4.13271,220
75,hybrid,descending,3.01243,811
75,insertion,random,4.04743,1460.1
75,merge,random,6.01357,375.787
75,hybrid,random,4.13029,1461.02
76,insertion,ascending,0.747143,75
76,merge,ascending,4.06586,256
76,hybrid,ascending,1.61614,148
76,insertion,descending,6.08414,2925
76,merge,descending,4.19257,224
76,hybrid,descending,3.00343,832
76,insertion,random,4.01843,1499.34
76,merge,random,6.03871,382.362
76,hybrid,random,4.07786,1499.97
77,insertion,ascending,0.754571,76
77,merge,ascending,4.13271,261
77,hybrid,ascending,1.64729,151
77,insertion,descending,6.18343,3002
77,merge,descending,4.22671,227
77,hybrid,descending,3.02,852
77,insertion,random,4.07157,1538.69
77,merge,random,6.08771,388.887
77,hybrid,random,4.13186,1536.47
78,insertion,ascending,0.739286,77
78,merge,ascending,4.141,265
78,hybrid,ascending,1.60329,153
78,insertion,descending,6.36543,3080
78,merge,descending,4.30543,231
78,hybrid,descending,3.03171,873
78,insertion,random,4.10814,1577.15
78,merge,random,6.11457,395.304
78,hybrid,random,4.20671,1576.78
79,insertion,ascending,0.766,78
79,merge,ascending,4.24186,269
79,hybrid,ascending,1.66186,155
79,insertion,descending,6.67329,3159
79,merge,descending,4.37443,235
79,hybrid,descending,3.04071,894
79,insertion,random,4.19971,1618.19
79,merge,random,6.15871,401.892
79,hybrid,random,4.33714,1618.78
80,insertion,ascending,0.802286,79
80,merge,ascending,4.28843,272
80,hybrid,ascending,1.67843,156
80,insertion,descending,6.86943,3239
80,merge,descending,4.47,240
80,hybrid,descending,3.04643,916
80,insertion,random,4.30243,1658.28
80,merge,random,6.18143,408.27
80,hybrid,random,4.43629,1657.23
81,insertion,ascending,0.799571,80
81,merge,ascending,4.48271,278
81,hybrid,ascending,1.703,159
81,insertion,descending,6.97671,3320
81,merge,descending,4.60586,242
81,hybrid,descending,3.05214,937
81,insertion,random,4.38286,1698.54
81,merge,random,6.44471,414.947
81,hybrid,random,4.54986,1698.66
82,insertion,ascending,0.783429,81
82,merge,ascending,4.652,283
82,hybrid,ascending,1.74543,161
82,insertion,descending,7.02843,3402
82,merge,descending,4.799,245
82,hybrid,descending,3.06771,959
82,insertion,random,4.51971,1738.49
82,merge,random,6.69,421.433
82,hybrid,random,4.699,1741.61
83,insertion,ascending,0.821,82
83,merge,ascending,4.73829,288
83,hybrid,ascending,1.69571,163
83,insertion,descending,7.35843,3485
83,merge,descending,4.82243,248
83,hybrid,descending,3.21686,981
83,insertion,random,4.63,1781.57
83,merge,random,6.70943,428.135
83,hybrid,random,4.77286,1780.72
84,insertion,ascending,0.794714,83
84,merge,ascending,4.87414,292
84,hybrid,ascending,1.757,164
84,insertion,descending,7.22814,3569
84,merge,descending,4.96614,252
84,hybrid,descending,3.19643,1004
84,insertion,random,4.72586,1828.3
84,merge,random,6.90714,434.669
84,hybrid,random,4.84829,1826.93
85,insertion,ascending,0.796286,84
85,merge,ascending,4.92471,297
85,hybrid,ascending,1.76543,167
85,insertion,descending,7.37486,3654
85,merge,descending,4.97929,255
85,hybrid,descending,3.31471,1026
85,insertion,random,4.79171,1867.72
85,merge,random,6.95529,441.344
85,hybrid,random,4.89471,1866.77
86,insertion,ascending,0.821714,85
86,merge,ascending,4.94886,301
86,hybrid,ascending,1.78443,169
86,insertion,descending,7.65914,3740
86,merge,descending,4.97314,259
86,hybrid,descending,3.43014,1049
86,insertion,random,4.86829,1910.36
86,merge,random,6.97014,447.876
86,hybrid,random,4.981,1910.58
87,insertion,ascending,0.844143,86
87,merge,ascending,4.96386,305
87,hybrid,ascending,1.86071,171
87,insertion,descending,7.88571,3827
87,merge,descending,5.00571,263
87,hybrid,descending,3.54443,1072
87,insertion,random,4.95386,1956.99
87,merge,random,7.00329,454.526
87,hybrid,random,5.04629,1950.76
88,insertion,ascending,0.835429,87
88,merge,ascending,4.96957,308
88,hybrid,ascending,1.83043,172
88,insertion,descending,8.04429,3915
88,merge,descending,4.993,268
88,hybrid,descending,3.64586,1096
88,insertion,random,5.03429,1999.35
88,merge,random,7.02529,461.174
88,hybrid,random,5.15986,1998.73
89,insertion,ascending,0.858571,88
89,merge,ascending,5.03643,313
89,hybrid,ascending,1.93,175
89,insertion,descending,8.118,4004
89,merge,descending,5.035,271
89,hybrid,descending,3.87086,1119
89,insertion,random,5.13443,2044.51
89,merge,random,7.09886,467.73
89,hybrid,random,5.23014,2049.36
90,insertion,ascending,0.860429,89
90,merge,ascending,5.025,317
90,hybrid,ascending,1.94229,177
90,insertion,descending,8.14529,4094
90,merge,descending,5.05043,275
90,hybrid,descending,3.92671,1143
90,insertion,random,5.19571,2093.39
90,merge,random,7.20443,474.337
90,hybrid,random,5.32886,2090.07
91,insertion,ascending,0.841714,90
91,merge,ascending,5.08514,321
91,hybrid,ascending,1.86471,179
91,insertion,descending,8.79471,4185
91,merge,descending,5.17057,279
91,hybrid,descending,3.98114,1167
91,insertion,random,5.415,2134.98
91,merge,random,7.29029,480.967
91,hybrid,random,5.547,2132.1
92,insertion,ascending,0.859,91
92,merge,ascending,5.04986,324
92,hybrid,ascending,1.94143,180
92,insertion,descending,8.61314,4277
92,merge,descending,5.17257,284
92,hybrid,descending,3.98186,1192
92,insertion,random,5.38,2180.46
92,merge,random,7.47543,487.706
92,hybrid,random,5.57829,2180.67
93,insertion,ascending,0.853429,92
93,merge,ascending,5.10429,328
93,hybrid,ascending,1.92129,183
93,insertion,descending,9.08114,4370
93,merge,descending,5.221,288
93,hybrid,descending,4.02843,1216
93,insertion,random,5.57771,2228.93
93,merge,random,7.53757,494.438
93,hybrid,random,5.71571,2225.21
94,insertion,ascending,0.849143,93
94,merge,ascending,5.11957,331
94,hybrid,ascending,1.95686,185
94,insertion,descending,9.02857,4464
94,merge,descending,5.26343,293
94,hybrid,descending,3.99857,1241
94,insertion,random,5.60343,2274.19
94,merge,random,7.67314,501.097
94,hybrid,random,5.78971,2278.1
95,insertion,ascending,0.846286,94
95,merge,ascending,5.21643,334
95,hybrid,ascending,1.98643,187
95,insertion,descending,9.046,4559
95,merge,descending,5.435,298
95,hybrid,descending,4.02343,1266
95,insertion,random,5.70229,2327.36
95,merge,random,7.784,507.79
95,hybrid,random,5.87386,2327.77
96,insertion,ascending,0.854,95
96,merge,ascending,5.27014,336
96,hybrid,ascending,1.97914,188
96,insertion,descending,9.11629,4655
96,merge,descending,5.48414,304
96,hybrid,descending,4.02971,1292
96,insertion,random,5.79786,2370.9
96,merge,random,7.82486,514.414
96,hybrid,random,5.96071,2371.07
97,insertion,ascending,0.871429,96
97,merge,ascending,5.48,342
97,hybrid,ascending,1.99714,191
97,insertion,descending,9.31929,4752
97,merge,descending,5.611,306
97,hybrid,descending,4.05743,1317
97,insertion,random,5.92471,2421.78
97,merge,random,7.97643,521.138
97,hybrid,random,6.09957,2420.48
98,insertion,ascending,0.871143,97
98,merge,ascending,5.55886,347
98,hybrid,ascending,1.98029,193
98,insertion,descending,9.621,4850
98,merge,descending,5.748,309
98,hybrid,descending,4.11243,1343
98,insertion,random,6.05157,2471.65
98,merge,random,8.01143,528.042
98,hybrid,random,6.20157,2470.49
99,insertion,ascending,0.880429,98
99,merge,ascending,5.71271,352
99,hybrid,ascending,1.98986,195
99,insertion,descending,9.70586,4949
99,merge,descending,5.90229,312
99,hybrid,descending,4.17229,1369
99,insertion,random,6.07443,2520.88
99,merge,random,8.05629,534.963
99,hybrid,random,6.24914,2517.17
100,insertion,ascending,0.876286,99
100,merge,ascending,5.77843,356
100,hybrid,ascending,1.99586,196
100,insertion,descending,9.96743,5049
100,merge,descending,5.925,316
100,hybrid,descending,4.23986,1396
100,insertion,random,6.16071,2572.91
100,merge,random,8.074,541.83
100,hybrid,random,6.34614,2575.61
101,insertion,ascending,0.895429,100
101,merge,ascending,5.87486,361
101,hybrid,ascending,2.00229,199
101,insertion,descending,10.1157,5150
101,merge,descending,5.95686,319
101,hybrid,descending,4.332,1422
101,insertion,random,6.24429,2620.8
101,merge,random,8.14043,548.684
101,hybrid,random,6.44943,2621.32
102,insertion,ascending,0.885857,101
102,merge,ascending,5.93086,365
102,hybrid,ascending,1.99514,201
102,insertion,descending,10.2846,5252
102,merge,descending,5.99514,323
102,hybrid,descending,4.488,1449
102,insertion,random,6.36957,2675
102,merge,random,8.21814,555.544
102,hybrid,random,6.59371,2675.69
103,insertion,ascending,0.913714,102
103,merge,ascending,5.96886,369
103,hybrid,ascending,2.00229,203
103,insertion,descending,10.3757,5355
103,merge,descending,6.01386,327
103,hybrid,descending,4.55857,1476
103,insertion,random,6.48329,2725.26
103,merge,random,8.33029,562.49
103,hybrid,random,6.68771,2726.2
104,insertion,ascending,0.924,103
104,merge,ascending,5.98829,372
104,hybrid,ascending,1.99929,204
104,insertion,descending,10.5803,5459
104,merge,descending,6.01886,332
104,hybrid,descending,4.59214,1504
104,insertion,random,6.57129,2779.31
104,merge,random,8.428,569.189
104,hybrid,random,6.80329,2776.85
105,insertion,ascending,0.927714,104
105,merge,ascending,6.01257,377
105,hybrid,ascending,1.98871,207
105,insertion,descending,10.8516,5564
105,merge,descending,6.03929,335
105,hybrid,descending,4.74557,1531
105,insertion,random,6.69186,2833.02
105,merge,random,8.57814,576.148
105,hybrid,random,6.86929,2828.6
106,insertion,ascending,0.945857,105
106,merge,ascending,6.029,381
106,hybrid,ascending,1.99786,209
106,insertion,descending,11.1166,5670
106,merge,descending,6.04329,339
106,hybrid,descending,4.89486,1559
106,insertion,random,6.81857,2884.99
106,merge,random,8.739,583.062
106,hybrid,random,7.01214,2887.78
107,insertion,ascending,0.948714,106
107,merge,ascending,6.04857,385
107,hybrid,ascending,2.00186,211
107,insertion,descending,11.1811,5777
107,merge,descending,6.07214,343
107,hybrid,descending,4.96586,1587
107,insertion,random,6.91743,2935.79
107,merge,random,8.83914,590.059
107,hybrid,random,7.113,2941.01
108,insertion,ascending,0.949714,107
108,merge,ascending,6.05657,388
108,hybrid,ascending,2.017,212
108,insertion,descending,11.3233,5885
108,merge,descending,6.05429,348
108,hybrid,descending,4.94957,1616
108,insertion,random,6.98471,2993.24
108,merge,random,8.887,596.804
108,hybrid,random,7.20857,2994.33
109,insertion,ascending,0.958286,108
109,merge,ascending,6.04271,392
109,hybrid,ascending,2.00729,215
109,insertion,descending,11.5074,5994
109,merge,descending,6.089,352
109,hybrid,descending,4.999,1644
109,insertion,random,7.09543,3048.24
109,merge,random,8.947,603.614
109,hybrid,random,7.30729,3047.03
110,insertion,ascending,0.951429,109
110,merge,ascending,6.07429,395
110,hybrid,ascending,2.00057,217
110,insertion,descending,11.895,6104
110,merge,descending,6.13586,357
110,hybrid,descending,5.02629,1673
110,insertion,random,7.22071,3105.75
110,merge,random,8.98786,610.719
110,hybrid,random,7.42343,3103.1
111,insertion,ascending,0.949429,110
111,merge,ascending,6.12671,398
111,hybrid,ascending,2.01243,219
111,insertion,descending,12.0729,6215
111,merge,descending,6.18614,362
111,hybrid,descending,5.046,1702
111,insertion,random,7.32929,3156.55
111,merge,random,9.00143,617.409
111,hybrid,random,7.583,3155.95
112,insertion,ascending,0.943571,111
112,merge,ascending,6.11429,400
112,hybrid,ascending,2.00786,220
112,insertion,descending,12.192,6327
112,merge,descending,6.17243,368
112,hybrid,descending,5.05571,1732
112,insertion,random,7.44657,3214.6
112,merge,random,9.03171,624.48
112,hybrid,random,7.65157,3209.21
113,insertion,ascending,0.925429,112
113,merge,ascending,6.231,405
113,hybrid,ascending,2.00571,223
113,insertion,descending,12.3329,6440
113,merge,descending,6.34457,371
113,hybrid,descending,5.09686,1761
113,insertion,random,7.60257,3273.76
113,merge,random,9.08343,631.581
113,hybrid,random,7.81743,3272.47
114,insertion,ascending,0.916857,113
114,merge,ascending,6.26,409
114,hybrid,ascending,2.00729,225
114,insertion,descending,12.377,6554
114,merge,descending,6.42843,375
114,hybrid,descending,5.13614,1791
114,insertion,random,7.67843,3328.73
114,merge,random,9.16329,638.397
114,hybrid,random,7.92157,3330.21
115,insertion,ascending,0.91,114
115,merge,ascending,6.42657,413
115,hybrid,ascending,2.01614,227
115,insertion,descending,12.8723,6669
115,merge,descending,6.58543,379
115,hybrid,descending,5.18743,1821
115,insertion,random,7.835,3387.87
115,merge,random,9.267,645.25
115,hybrid,random,8.07214,3392.27
116,insertion,ascending,0.917429,115
116,merge,ascending,6.48629,416
116,hybrid,ascending,2.00986,228
116,insertion,descending,13.0696,6785
116,merge,descending,6.68557,384
116,hybrid,descending,5.22429,1852
116,insertion,random,7.923,3449.67
116,merge,random,9.35186,652.348
116,hybrid,random,8.116,3448.25
117,insertion,ascending,0.915429,116
117,merge,ascending,6.60157,420
117,hybrid,ascending,2.03143,231
117,insertion,descending,13.2484,6902
117,merge,descending,6.72071,388
117,hybrid,descending,5.387,1882
117,insertion,random,7.99429,3501.32
117,merge,random,9.46671,659.047
117,hybrid,random,8.25714,3510.93
118,insertion,ascending,0.950714,117
118,merge,ascending,6.83114,423
118,hybrid,ascending,2.04657,233
118,insertion,descending,13.2776,7020
118,merge,descending,6.84229,393
118,hybrid,descending,5.51771,1913
118,insertion,random,8.11786,3568.51
118,merge,random,9.62057,666.29
118,hybrid,random,8.327,3561.68
119,insertion,ascending,0.924429,118
119,merge,ascending,6.88414,426
119,hybrid,ascending,2.07229,235
119,insertion,descending,13.9436,7139
119,merge,descending,6.91486,398
119,hybrid,descending,5.71029,1944
119,insertion,random,8.328,3623.57
119,merge,random,9.714,673.086
119,hybrid,random,8.61814,3624.31
120,insertion,ascending,0.973571,119
120,merge,ascending,6.87471,428
120,hybrid,ascending,2.05514,236
120,insertion,descending,14.012,7259
120,merge,descending,6.95557,404
120,hybrid,descending,5.74686,1976
120,insertion,random,8.39714,3684.93
120,merge,random,9.84043,680.278
120,hybrid,random,8.66386,3682.15
121,insertion,ascending,0.972714,120
121,merge,ascending,6.90229,432
121,hybrid,ascending,2.32657,254
121,insertion,descending,14.2679,7380
121,merge,descending,6.95971,408
121,hybrid,descending,5.88543,2007
121,insertion,random,8.51357,3741.34
121,merge,random,9.92129,687.232
121,hybrid,random,8.81314,3748.97
122,insertion,ascending,0.962,121
122,merge,ascending,6.961,435
122,hybrid,ascending,2.61157,271
122,insertion,descending,14.2214,7502
122,merge,descending,6.97829,413
122,hybrid,descending,5.96271,2039
122,insertion,random,8.60343,3811.16
122,merge,random,10.0123,694.035
122,hybrid,random,8.871,3807.05
123,insertion,ascending,0.974,122
123,merge,ascending,7.01529,438
123,hybrid,ascending,2.93071,288
123,insertion,descending,14.4729,7625
123,merge,descending,7.02843,418
123,hybrid,descending,6.01814,2071
123,insertion,random,8.73414,3869.59
123,merge,random,10.0469,701.206
123,hybrid,random,8.95243,3868.03
124,insertion,ascending,0.946143,123
124,merge,ascending,6.98843,440
124,hybrid,ascending,2.979,304
124,insertion,descending,14.7511,7749
124,merge,descending,7.01329,424
124,hybrid,descending,6.00429,2104
124,insertion,random,8.813,3935.93
124,merge,random,10.0864,708.076
124,hybrid,random,9.01786,3932.95
125,insertion,ascending,0.966286,124
125,merge,ascending,7.01443,443
125,hybrid,ascending,2.99886,307
125,insertion,descending,14.9996,7874
125,merge,descending,7.05671,429
125,hybrid,descending,6.04957,2136
125,insertion,random,8.87786,3991.85
125,merge,random,10.1336,715.155
125,hybrid,random,9.15343,3996.77
126,insertion,ascending,0.981571,125
126,merge,ascending,7.037,445
126,hybrid,ascending,3.018,309
126,insertion,descending,15.2699,8000
126,merge,descending,7.05786,435
126,hybrid,descending,6.08771,2169
126,insertion,random,9.02943,4062.51
126,merge,random,10.1974,722.161
126,hybrid,random,9.31057,4053.08
127,insertion,ascending,0.985857,126
127,merge,ascending,7.05314,447
127,hybrid,ascending,3.02029,311
127,insertion,descending,15.3283,8127
127,merge,descending,7.09757,441
127,hybrid,descending,6.09471,2202
127,insertion,random,9.12557,4123.62
127,merge,random,10.2579,728.998
127,hybrid,random,9.381,4118.57
128,insertion,ascending,0.968571,127
128,merge,ascending,7.07043,448
128,hybrid,ascending,3.02629,312
128,insertion,descending,15.8933,8255
128,merge,descending,7.154,448
128,hybrid,descending,6.16171,2236
128,insertion,random,9.31886,4191.21
128,merge,random,10.2754,736.208
128,hybrid,random,9.58329,4189.87
129,insertion,ascending,0.969143,128
129,merge,ascending,7.11514,456
129,hybrid,ascending,3.03029,316
129,insertion,descending,16.3006,8384
129,merge,descending,7.239,449
129,hybrid,descending,6.30671,2269
129,insertion,random,9.44271,4244.48
129,merge,random,10.407,743.509
129,hybrid,random,9.72143,4252.94
130,insertion,ascending,0.968,129
130,merge,ascending,7.203,463
130,hybrid,ascending,3.03343,319
130,insertion,descending,16.6173,8514
130,merge,descending,7.31271,451
130,hybrid,descending,6.43029,2303
130,insertion,random,9.60357,4318.03
130,merge,random,10.5366,750.96
130,hybrid,random,9.86214,4315.21
131,insertion,ascending,0.988429,130
131,merge,ascending,7.36,470
131,hybrid,ascending,3.02714,322
131,insertion,descending,16.3314,8645
131,merge,descending,7.457,453
131,hybrid,descending,6.50529,2337
131,insertion,random,9.579,4382.35
131,merge,random,10.7484,758.379
131,hybrid,random,9.85257,4378.22
132,insertion,ascending,0.975714,131
132,merge,ascending,7.38371,476
132,hybrid,ascending,3.035,324
132,insertion,descending,16.7607,8777
132,merge,descending,7.45014,456
132,hybrid,descending,6.63357,2372
132,insertion,random,9.767,4453.29
132,merge,random,10.8023,765.756
132,hybrid,random,10.0946,4449.37
133,insertion,ascending,1.00243,132
133,merge,ascending,7.52271,483
133,hybrid,ascending,3.03257,327
133,insertion,descending,16.8223,8910
133,merge,descending,7.62914,458
133,hybrid,descending,6.702,2406
133,insertion,random,9.72729,4517.03
133,merge,random,10.9554,773.093
133,hybrid,random,10.05,4513.9
134,insertion,ascending,0.974857,133
134,merge,ascending,7.591,489
134,hybrid,ascending,3.04114,329
134,insertion,descending,17.6254,9044
134,merge,descending,7.79,461
134,hybrid,descending,6.93214,2441
134,insertion,random,10.0691,4583.02
134,merge,random,11.0387,780.441
134,hybrid,random,10.4093,4586.1
135,insertion,ascending,0.982571,134
135,merge,ascending,7.77286,495
135,hybrid,ascending,3.09586,331
135,insertion,descending,17.7804,9179
135,merge,descending,7.86871,464
135,hybrid,descending,6.98886,2476
135,insertion,random,10.2597,4655.36
135,merge,random,11.1089,787.961
135,hybrid,random,10.5536,4653.38
136,insertion,ascending,0.989429,135
136,merge,ascending,7.668,500
136,hybrid,ascending,3.04229,332
136,insertion,descending,17.8497,9315
136,merge,descending,7.93029,468
136,hybrid,descending,6.98714,2512
136,insertion,random,10.2689,4724.77
136,merge,random,11.1437,795.294
136,hybrid,random,10.5974,4721.6
137,insertion,ascending,0.999286,136
137,merge,ascending,7.82829,507
137,hybrid,ascending,3.09271,336
137,insertion,descending,18.0171,9452
137,merge,descending,7.97614,470
137,hybrid,descending,7.018,2547
137,insertion,random,10.3626,4791.52
137,merge,random,11.2491,802.804
137,hybrid,random,10.6683,4785.31
138,insertion,ascending,1.001,137
138,merge,ascending,7.93243,513
138,hybrid,ascending,3.07229,339
138,insertion,descending,18.271,9590
138,merge,descending,8.02929,473
138,hybrid,descending,7.06271,2583
138,insertion,random,10.5153,4856.8
138,merge,random,11.3674,810.282
138,hybrid,random,10.8906,4854.51
139,insertion,ascending,1.00171,138
139,merge,ascending,7.98243,519
139,hybrid,ascending,3.11186,342
139,insertion,descending,18.3709,9729
139,merge,descending,8.03229,476
139,hybrid,descending,7.09271,2619
139,insertion,random,10.646,4927.36
139,merge,random,11.5471,817.875
139,hybrid,random,10.9741,4927.84
140,insertion,ascending,0.995143,139
140,merge,ascending,8.01129,524
140,hybrid,ascending,3.15129,344
140,insertion,descending,18.9317,9869
140,merge,descending,8.08357,480
140,hybrid,descending,7.14329,2656
140,insertion,random,10.9154,4994.68
140,merge,random,11.6759,825.153
140,hybrid,random,11.2513,5002.83
141,insertion,ascending,0.996429,140
141,merge,ascending,8.027,530
141,hybrid,ascending,3.21514,347
141,insertion,descending,18.9039,10010
141,merge,descending,8.101,483
141,hybrid,descending,7.02443,2385
141,insertion,random,10.8987,5071.4
141,merge,random,11.8207,832.388
141,hybrid,random,11.2946,5073.66
142,insertion,ascending,0.992857,141
142,merge,ascending,8.047,535
142,hybrid,ascending,3.26614,349
142,insertion,descending,19.2177,10152
142,merge,descending,8.13057,487
142,hybrid,descending,6.644,2115
142,insertion,random,11.0671,5147.38
142,merge,random,11.9006,839.888
142,hybrid,random,11.4363,5139.95
143,insertion,ascending,1.001,142
143,merge,ascending,8.07257,540
143,hybrid,ascending,3.33371,351
143,insertion,descending,19.2603,10295
143,merge,descending,8.11029,491
143,hybrid,descending,6.09914,1845
143,insertion,random,11.195,5217.1
143,merge,random,11.9537,847.411
143,hybrid,random,11.5216,5218.08
144,insertion,ascending,1.00114,143
144,merge,ascending,8.04743,544
144,hybrid,ascending,3.178,352
144,insertion,descending,19.711,10439
144,merge,descending,8.14929,496
144,hybrid,descending,5.99414,1576
144,insertion,random,11.3707,5285.17
144,merge,random,11.9776,854.927
144,hybrid,random,11.7564,5287.17
145,insertion,ascending,0.996571,144
145,merge,ascending,8.14786,551
145,hybrid,ascending,3.27486,356
145,insertion,descending,20.3869,10584
145,merge,descending,8.30486,498
145,hybrid,descending,6.04357,1595
145,insertion,random,11.6501,5354.91
145,merge,random,12.0809,862.341
145,hybrid,random,11.8883,5360.26
146,insertion,ascending,0.993,145
146,merge,ascending,8.16171,557
146,hybrid,ascending,3.35429,359
146,insertion,descending,20.4909,10730
146,merge,descending,8.38486,501
146,hybrid,descending,6.02557,1615
146,insertion,random,11.716,5433.69
146,merge,random,12.0649,869.861
146,hybrid,random,12.0197,5430.09
147,insertion,ascending,0.993143,146
147,merge,ascending,8.36014,563
147,hybrid,ascending,3.64743,362
147,insertion,descending,21.2987,10877
147,merge,descending,8.52443,504
147,hybrid,descending,6.04671,1635
147,insertion,random,12.093,5511.04
147,merge,random,12.0979,877.238
147,hybrid,random,12.1951,5503.81
148,insertion,ascending,1.00271,147
148,merge,ascending,8.40129,568
148,hybrid,ascending,3.462,364
148,insertion,descending,21.3011,11025
148,merge,descending,8.66829,508
148,hybrid,descending,6.06471,1656
148,insertion,random,12.1257,5580.05
148,merge,random,12.2429,884.578
148,hybrid,random,12.3109,5588.21
149,insertion,ascending,1.04529,148
149,merge,ascending,8.73786,574
149,hybrid,ascending,3.665,367
149,insertion,descending,22.2819,11174
149,merge,descending,9.054,511
149,hybrid,descending,6.24129,1676
149,insertion,random,12.5909,5648.02
149,merge,random,12.7407,892.17
149,hybrid,random,13.0627,5658.4
150,insertion,ascending,1.018,149
150,merge,ascending,8.65657,579
150,hybrid,ascending,3.595,369
150,insertion,descending,22.299,11324
150,merge,descending,8.96943,515
150,hybrid,descending,6.10171,1697
150,insertion,random,12.5946,5731.25
150,merge,random,12.664,899.717
150,hybrid,random,12.6573,5728.59
151,insertion,ascending,1.04729,150
151,merge,ascending,9.01614,584
151,hybrid,ascending,3.89929,371
151,insertion,descending,22.6484,11475
151,merge,descending,9.24257,519
151,hybrid,descending,6.276,1718
151,insertion,random,12.9771,5811.26
151,merge,random,13.1121,907.245
151,hybrid,random,13.0681,5802.39
152,insertion,ascending,1.05171,151
152,merge,ascending,8.95314,588
152,hybrid,ascending,3.63471,372
152,insertion,descending,22.2067,11627
152,merge,descending,9.23714,524
152,hybrid,descending,6.17643,1740
152,insertion,random,12.7969,5883.22
152,merge,random,13.1136,914.581
152,hybrid,random,13.1527,5885.28
153,insertion,ascending,1.041,152
153,merge,ascending,9.11486,594
153,hybrid,ascending,3.823,376
153,insertion,descending,23.8856,11780
153,merge,descending,9.35329,527
153,hybrid,descending,6.40914,1760
153,insertion,random,13.4819,5959.96
153,merge,random,13.2734,921.994
153,hybrid,random,13.5683,5966.29
154,insertion,ascending,1.08786,153
154,merge,ascending,9.53943,599
154,hybrid,ascending,3.98086,379
154,insertion,descending,24.9044,11934
154,merge,descending,9.84786,531
154,hybrid,descending,6.70643,1781
154,insertion,random,14.1473,6042.65
154,merge,random,13.8441,929.643
154,hybrid,random,14.2947,6048.68
155,insertion,ascending,1.00671,154
155,merge,ascending,8.956,604
155,hybrid,ascending,3.91829,382
155,insertion,descending,23.4236,12089
155,merge,descending,9.01243,535
155,hybrid,descending,6.456,1802
155,insertion,random,13.2547,6111.07
155,merge,random,13.0159,937.098
155,hybrid,random,13.3363,6122.04
156,insertion,ascending,0.999429,155
156,merge,ascending,8.95929,608
156,hybrid,ascending,3.85186,384
156,insertion,descending,23.1027,12245
156,merge,descending,9.03143,540
156,hybrid,descending,6.61929,1824
156,insertion,random,13.1269,6194.06
156,merge,random,13.0599,944.575
156,hybrid,random,13.5179,6194.11
157,insertion,ascending,1.01386,156
157,merge,ascending,8.99157,613
157,hybrid,ascending,3.90029,387
157,insertion,descending,24.1143,12402
157,merge,descending,9.04086,544
157,hybrid,descending,6.76529,1845
157,insertion,random,13.5701,6269.9
157,merge,random,13.0856,952.248
157,hybrid,random,13.644,6268.37
158,insertion,ascending,1.01229,157
158,merge,ascending,9.02186,617
158,hybrid,ascending,3.92143,389
158,insertion,descending,23.7567,12560
158,merge,descending,9.06886,549
158,hybrid,descending,6.84386,1867
158,insertion,random,13.5389,6358.05
158,merge,random,13.1217,959.512
158,hybrid,random,14.2491,6353.89
159,insertion,ascending,1.003,158
159,merge,ascending,9.023,621
159,hybrid,ascending,3.95086,391
159,insertion,descending,24.6731,12719
159,merge,descending,9.11629,554
159,hybrid,descending,6.87771,1889
159,insertion,random,13.8719,6433.32
159,merge,random,13.1371,967.028
159,hybrid,random,14.0554,6434.59
160,insertion,ascending,1.00843,159
160,merge,ascending,9.08357,624
160,hybrid,ascending,3.93143,392
160,insertion,descending,24.867,12879
160,merge,descending,9.14614,560
160,hybrid,descending,6.893,1912
160,insertion,random,13.948,6519.62
160,merge,random,13.1771,974.504
160,hybrid,random,14.3436,6511.49
161,insertion,ascending,1.01029,160
161,merge,ascending,9.099,631
161,hybrid,ascending,3.94786,396
161,insertion,descending,25.255,13040
161,merge,descending,9.20386,562
161,hybrid,descending,6.91886,1933
161,insertion,random,14.2123,6594.17
161,merge,random,13.382,982.146
161,hybrid,random,14.3427,6596.68
162,insertion,ascending,1.00786,161
162,merge,ascending,9.17629,637
162,hybrid,ascending,3.93457,399
162,insertion,descending,25.637,13202
162,merge,descending,9.30929,565
162,hybrid,descending,7.00057,1955
162,insertion,random,14.3641,6673.63
162,merge,random,13.5916,989.817
162,hybrid,random,14.5669,6677.12
163,insertion,ascending,1.00286,162
163,merge,ascending,9.265,643
163,hybrid,ascending,3.99,402
163,insertion,descending,25.9996,13365
163,merge,descending,9.35671,568
163,hybrid,descending,7.022,1977
163,insertion,random,14.4966,6760.09
163,merge,random,13.7531,997.189
163,hybrid,random,14.623,6762.31
164,insertion,ascending,1.01671,163
164,merge,ascending,9.31557,648
164,hybrid,ascending,3.95543,404
164,insertion,descending,26.1424,13529
164,merge,descending,9.43486,572
164,hybrid,descending,7.04471,2000
164,insertion,random,14.6734,6838.5
164,merge,random,13.9089,1004.96
164,hybrid,random,14.853,6847.26
165,insertion,ascending,1.01043,164
165,merge,ascending,9.48071,654
165,hybrid,ascending,3.98343,407
165,insertion,descending,26.4983,13694
165,merge,descending,9.62171,575
165,hybrid,descending,7.04757,2022
165,insertion,random,14.8909,6937.8
165,merge,random,13.9867,1012.63
165,hybrid,random,14.9457,6922.85
166,insertion,ascending,1.00286,165
166,merge,ascending,9.56686,659
166,hybrid,ascending,3.992,409
166,insertion,descending,27.0046,13860
166,merge,descending,9.68014,579
166,hybrid,descending,7.08086,2045
166,insertion,random,15.0363,7007.93
166,merge,random,14.0456,1020.3
166,hybrid,random,10.2144,3727.85
167,insertion,ascending,1.00857,166
167,merge,ascending,9.67186,664
167,hybrid,ascending,3.99414,411
167,insertion,descending,27.258,14027
167,merge,descending,9.88429,583
167,hybrid,descending,7.11814,2068
167,insertion,random,15.2116,7082.64
167,merge,random,14.1184,1027.77
167,hybrid,random,10.267,3769.67
168,insertion,ascending,1.01329,167
168,merge,ascending,9.74871,668
168,hybrid,ascending,3.98271,412
168,insertion,descending,27.5331,14195
168,merge,descending,9.96271,588
168,hybrid,descending,7.11286,2092
168,insertion,random,15.3971,7169.51
168,merge,random,14.1903,1035.37
168,hybrid,random,10.4324,3816.71
169,insertion,ascending,1.008,168
169,merge,ascending,9.86086,674
169,hybrid,ascending,4.00357,416
169,insertion,descending,28.6884,14364
169,merge,descending,10.0293,591
169,hybrid,descending,7.306,2114
169,insertion,random,15.8259,7258.21
169,merge,random,14.3139,1042.88
169,hybrid,random,10.6914,3854.56
170,insertion,ascending,1.007,169
170,merge,ascending,9.85371,679
170,hybrid,ascending,3.97843,419
170,insertion,descending,28.2049,14534
170,merge,descending,9.99157,595
170,hybrid,descending,7.304,2137
170,insertion,random,15.725,7347.66
170,merge,random,14.411,1050.74
170,hybrid,random,10.729,3899.41
171,insertion,ascending,1.00614,170
171,merge,ascending,9.953,684
171,hybrid,ascending,4.00529,422
171,insertion,descending,28.4424,14705
171,merge,descending,10.038,599
171,hybrid,descending,7.31614,2160
171,insertion,random,15.9076,7428.73
171,merge,random,14.5493,1058.21
171,hybrid,random,10.6896,3950.85
172,insertion,ascending,1.00457,171
172,merge,ascending,9.93129,688
172,hybrid,ascending,3.99843,424
172,insertion,descending,28.9881,14877
172,merge,descending,10.0309,604
172,hybrid,descending,7.478,2184
172,insertion,random,16.0887,7517.8
172,merge,random,14.6784,1065.84
172,hybrid,random,10.7769,3990.17
173,insertion,ascending,1.00414,172
173,merge,ascending,9.95471,693
173,hybrid,ascending,3.99929,427
173,insertion,descending,29.0156,15050
173,merge,descending,10.1227,608
173,hybrid,descending,7.56071,2207
173,insertion,random,16.1664,7604.63
173,merge,random,14.7776,1073.5
173,hybrid,random,10.8819,4037.08
174,insertion,ascending,1.00114,173
174,merge,ascending,10.0096,697
174,hybrid,ascending,4.01143,429
174,insertion,descending,29.5326,15224
174,merge,descending,10.1169,613
174,hybrid,descending,7.774,2231
174,insertion,random,16.48,7697.04
174,merge,random,14.8734,1081
174,hybrid,random,11.1281,4082.66
175,insertion,ascending,1.00557,174
175,merge,ascending,10.0414,701
175,hybrid,ascending,4.02371,431
175,insertion,descending,29.8876,15399
175,merge,descending,10.1667,618
175,hybrid,descending,7.76443,2255
175,insertion,random,16.5831,7780.98
175,merge,random,14.9144,1088.54
175,hybrid,random,11.0724,4125.42
176,insertion,ascending,1.01271,175
176,merge,ascending,10.0206,704
176,hybrid,ascending,4.00243,432
176,insertion,descending,30.2477,15575
176,merge,descending,10.1637,624
176,hybrid,descending,7.80343,2280
176,insertion,random,16.8174,7869.2
176,merge,random,14.9586,1096.44
176,hybrid,random,11.1847,4170.11
177,insertion,ascending,1.00086,176
177,merge,ascending,10.0961,710
177,hybrid,ascending,4.02329,436
177,insertion,descending,30.117,15752
177,merge,descending,10.2587,627
177,hybrid,descending,7.92657,2303
177,insertion,random,16.7713,7952.84
177,merge,random,15.0433,1103.96
177,hybrid,random,11.2861,4218.97
178,insertion,ascending,1.014,177
178,merge,ascending,10.2627,715
178,hybrid,ascending,4.05929,439
178,insertion,descending,31.3151,15930
178,merge,descending,10.3923,631
178,hybrid,descending,8.03071,2327
178,insertion,random,17.3361,8042.08
178,merge,random,15.2076,1111.7
178,hybrid,random,11.4919,4261.18
179,insertion,ascending,1.007,178
179,merge,ascending,10.2769,720
179,hybrid,ascending,4.06171,442
179,insertion,descending,30.6039,16109
179,merge,descending,10.3761,635
179,hybrid,descending,7.98286,2351
179,insertion,random,17.0437,8137.6
179,merge,random,15.151,1119.31
179,hybrid,random,11.4591,4309.86
180,insertion,ascending,1.01629,179
180,merge,ascending,10.296,724
180,hybrid,ascending,4.038,444
180,insertion,descending,31.3324,16289
180,merge,descending,10.5699,640
180,hybrid,descending,8.02186,2376
180,insertion,random,17.5076,8232.34
180,merge,random,15.3187,1127.11
180,hybrid,random,11.6137,4360.44
181,insertion,ascending,1.03071,180
181,merge,ascending,10.4127,729
181,hybrid,ascending,4.07571,447
181,insertion,descending,32.4193,16470
181,merge,descending,10.7826,644
181,hybrid,descending,8.17,2400
181,insertion,random,17.9869,8313.52
181,merge,random,15.471,1134.37
181,hybrid,random,11.9651,4404.46
182,insertion,ascending,1.02143,181
182,merge,ascending,10.605,733
182,hybrid,ascending,4.11771,449
182,insertion,descending,32.5297,16652
182,merge,descending,10.9043,649
182,hybrid,descending,8.12557,2425
182,insertion,random,18.0317,8406.64
182,merge,random,15.6217,1142.2
182,hybrid,random,11.8897,4449.12
183,insertion,ascending,1.01271,182
183,merge,ascending,10.6523,737
183,hybrid,ascending,4.11057,451
183,insertion,descending,32.4299,16835
183,merge,descending,10.9621,654
183,hybrid,descending,8.12086,2450
183,insertion,random,18.0384,8497.82
183,merge,random,15.742,1149.76
183,hybrid,random,11.9303,4498.14
184,insertion,ascending,1.02129,183
184,merge,ascending,10.7291,740
184,hybrid,ascending,4.13257,452
184,insertion,descending,32.4254,17019
184,merge,descending,11.0051,660
184,hybrid,descending,8.14543,2476
184,insertion,random,18.0721,8591.08
184,merge,random,15.8704,1157.46
184,hybrid,random,12.0504,4547.97
185,insertion,ascending,1.01586,184
185,merge,ascending,10.8039,745
185,hybrid,ascending,4.18586,456
185,insertion,descending,33.2309,17204
185,merge,descending,11.0156,664
185,hybrid,descending,8.29286,2500
185,insertion,random,18.4043,8683.84
185,merge,random,15.9503,1165.31
185,hybrid,random,12.1709,4593.22
186,insertion,ascending,1.01171,185
186,merge,ascending,10.8631,749
186,hybrid,ascending,4.19014,459
186,insertion,descending,33.4599,17390
186,merge,descending,11.0531,669
186,hybrid,descending,8.357,2525
186,insertion,random,18.5501,8782.58
186,merge,random,15.9957,1172.91
186,hybrid,random,12.1944,4644.09
187,insertion,ascending,1.01757,186
187,merge,ascending,10.9831,753
187,hybrid,ascending,4.259,462
187,insertion,descending,34.0307,17577
187,merge,descending,11.0801,674
187,hybrid,descending,8.45543,2550
187,insertion,random,18.7946,8868.5
187,merge,random,16.0719,1180.55
187,hybrid,random,12.364,4691.64
188,insertion,ascending,1.01729,187
188,merge,ascending,10.9846,756
188,hybrid,ascending,4.25971,464
188,insertion,descending,34.4784,17765
188,merge,descending,11.0704,680
188,hybrid,descending,8.59329,2576
188,insertion,random,19.0004,8973.17
188,merge,random,16.0974,1188.25
188,hybrid,random,12.407,4738.12
189,insertion,ascending,1.009,188
189,merge,ascending,10.9864,760
189,hybrid,ascending,4.30443,467
189,insertion,descending,34.292,17954
189,merge,descending,11.0916,685
189,hybrid,descending,8.742,2601
189,insertion,random,19.0017,9060.62
189,merge,random,16.1191,1195.71
189,hybrid,random,12.4549,4786.05
190,insertion,ascending,1.03257,189
190,merge,ascending,11.0221,763
190,hybrid,ascending,4.37814,469
190,insertion,descending,34.9814,18144
190,merge,descending,11.1723,691
190,hybrid,descending,8.79057,2627
190,insertion,random,19.2909,9164.35
190,merge,random,16.1977,1203.55
190,hybrid,random,12.6083,4837.66
191,insertion,ascending,1.10243,190
191,merge,ascending,11.6286,766
191,hybrid,ascending,4.65657,471
191,insertion,descending,37.3083,18335
191,merge,descending,11.779,697
191,hybrid,descending,9.24557,2653
191,insertion,random,20.4051,9255.23
191,merge,random,17.0754,1211.17
191,hybrid,random,13.4631,4884.43
192,insertion,ascending,1.10043,191
192,merge,ascending,11.4934,768
192,hybrid,ascending,4.52843,472
192,insertion,descending,37.149,18527
192,merge,descending,11.7737,704
192,hybrid,descending,9.13371,2680
192,insertion,random,20.3659,9350.3
192,merge,random,16.9921,1218.94
192,hybrid,random,13.4961,4941.48
193,insertion,ascending,1.17157,192
193,merge,ascending,12.136,775
193,hybrid,ascending,4.697,476
193,insertion,descending,38.8934,18720
193,merge,descending,12.2276,706
193,hybrid,descending,9.54,2705
193,insertion,random,21.1894,9443.32
193,merge,random,17.8789,1226.53
193,hybrid,random,14.2674,4982.39
194,insertion,ascending,1.155,193
194,merge,ascending,11.988,781
194,hybrid,ascending,4.70214,479
194,insertion,descending,39.1147,18914
194,merge,descending,12.1777,709
194,hybrid,descending,9.49,2731
194,insertion,random,21.2873,9533.13
194,merge,random,17.8011,1234.73
194,hybrid,random,14.0473,5038.12
195,insertion,ascending,0.986857,194
195,merge,ascending,11.345,787
195,hybrid,ascending,4.44543,482
195,insertion,descending,37.4463,19109
195,merge,descending,11.5353,712
195,hybrid,descending,8.96229,2757
195,insertion,random,20.4339,9639.22
195,merge,random,16.9729,1242.49
195,hybrid,random,13.2247,5090.66
196,insertion,ascending,1.091,195
196,merge,ascending,11.3774,792
196,hybrid,ascending,4.46971,484
196,insertion,descending,37.9634,19305
196,merge,descending,11.7137,716
196,hybrid,descending,9.13,2784
196,insertion,random,20.7101,9748.55
196,merge,random,17.073,1250.32
196,hybrid,random,13.4553,5135.41
197,insertion,ascending,1.03843,196
197,merge,ascending,11.4057,798
197,hybrid,ascending,4.554,487
197,insertion,descending,37.5291,19502
197,merge,descending,11.8047,719
197,hybrid,descending,9.082,2810
197,insertion,random,20.5999,9836.33
197,merge,random,17.2034,1258.24
197,hybrid,random,13.5236,5189.05
198,insertion,ascending,1.03443,197
198,merge,ascending,11.6671,803
198,hybrid,ascending,4.69514,489
198,insertion,descending,38.3984,19700
198,merge,descending,11.9571,723
198,hybrid,descending,9.14086,2837
198,insertion,random,21.1684,9932.18
198,merge,random,17.2819,1266.15
198,hybrid,random,13.6387,5236.91
199,insertion,ascending,1.05086,198
199,merge,ascending,11.661,808
199,hybrid,ascending,4.70657,491
199,insertion,descending,38.547,19899
199,merge,descending,12.0551,727
199,hybrid,descending,9.16557,2864
199,insertion,random,21.0461,10030.5
199,merge,random,17.3473,1273.75
199,hybrid,random,13.7719,5292.3
200,insertion,ascending,1.03571,199
200,merge,ascending,11.7319,812
200,hybrid,ascending,4.63886,492
200,insertion,descending,38.9297,20099
200,merge,descending,12.0331,732
200,hybrid,descending,9.22829,2892
200,insertion,random,21.2667,10133.7
200,merge,random,17.3583,1281.52
200,hybrid,random,13.8553,5340.04
201,insertion,ascending,1.02029,200
201,merge,ascending,11.8804,818
201,hybrid,ascending,4.68886,496
201,insertion,descending,39.4034,20300
201,merge,descending,12.1711,735
201,hybrid,descending,9.20843,2918
201,insertion,random,21.468,10236.4
201,merge,random,17.4779,1289.5
201,hybrid,random,13.9336,5398.29
202,insertion,ascending,1.01414,201
202,merge,ascending,11.8526,823
202,hybrid,ascending,4.71371,499
202,insertion,descending,39.683,20502
202,merge,descending,12.1071,739
202,hybrid,descending,9.29471,2945
202,insertion,random,21.6201,10334
202,merge,random,17.6963,1297.41
202,hybrid,random,14.0331,5449.03
203,insertion,ascending,1.04257,202
203,merge,ascending,11.9677,828
203,hybrid,ascending,4.77729,502
203,insertion,descending,40.0937,20705
203,merge,descending,12.2166,743
203,hybrid,descending,9.43029,2972
203,insertion,random,22.0111,10443.1
203,merge,random,17.7709,1305.34
203,hybrid,random,14.2397,5498.84
204,insertion,ascending,1.04886,203
204,merge,ascending,12.3101,832
204,hybrid,ascending,4.79014,504
204,insertion,descending,41.872,20909
204,merge,descending,12.4366,748
204,hybrid,descending,9.77529,3000
204,insertion,random,22.8771,10544.7
204,merge,random,18.2796,1313.04
204,hybrid,random,14.8257,5555.98
205,insertion,ascending,1.02143,204
205,merge,ascending,12.0446,837
205,hybrid,ascending,4.812,507
205,insertion,descending,40.7959,21114
205,merge,descending,12.1884,752
205,hybrid,descending,9.56271,3027
205,insertion,random,22.3167,10650.3
205,merge,random,18.0613,1320.87
205,hybrid,random,14.4043,5603.11
206,insertion,ascending,1.00743,205
206,merge,ascending,12.189,841
206,hybrid,ascending,4.82657,509
206,insertion,descending,43.0734,21320
206,merge,descending,12.299,757
206,hybrid,descending,9.91657,3055
206,insertion,random,23.2469,10753.2
206,merge,random,18.1364,1328.88
206,hybrid,random,14.9166,5655.1
207,insertion,ascending,1.05871,206
207,merge,ascending,12.5683,845
207,hybrid,ascending,5.04557,511
207,insertion,descending,43.0294,21527
207,merge,descending,12.7234,762
207,hybrid,descending,10.1143,3083
207,insertion,random,23.249,10859.2
207,merge,random,18.6691,1336.85
207,hybrid,random,15.3146,5705.76
208,insertion,ascending,1.04414,207
208,merge,ascending,12.3427,848
208,hybrid,ascending,4.86629,512
208,insertion,descending,43.26,21735
208,merge,descending,12.4496,768
208,hybrid,descending,9.99771,3112
208,insertion,random,23.3994,10962
208,merge,random,18.3973,1344.45
208,hybrid,random,15.1877,5764.2
209,insertion,ascending,1.11457,208
209,merge,ascending,13.1009,854
209,hybrid,ascending,5.31286,516
209,insertion,descending,45.8693,21944
209,merge,descending,13.155,771
209,hybrid,descending,10.7367,3139
209,insertion,random,24.6936,11070.5
209,merge,random,19.4154,1352.33
209,hybrid,random,16.2507,5819.08
210,insertion,ascending,1.08357,209
210,merge,ascending,12.6601,859
210,hybrid,ascending,5.11843,519
210,insertion,descending,44.0937,22154
210,merge,descending,12.8301,775
210,hybrid,descending,10.3881,3167
210,insertion,random,23.8961,11180.6
210,merge,random,18.8607,1360.5
210,hybrid,random,15.6729,5867.69
211,insertion,ascending,1.10057,210
211,merge,ascending,12.8337,864
211,hybrid,ascending,5.26314,522
211,insertion,descending,45.2969,22365
211,merge,descending,13.045,779
211,hybrid,descending,10.4603,3195
211,insertion,random,24.597,11274.7
211,merge,random,19.2849,1368.31
211,hybrid,random,15.9977,5926.72
212,insertion,ascending,1.08914,211
212,merge,ascending,12.8183,868
212,hybrid,ascending,5.14957,524
212,insertion,descending,45.3954,22577
212,merge,descending,13.0017,784
212,hybrid,descending,10.5031,3224
212,insertion,random,24.5686,11370
212,merge,random,19.1094,1376.21
212,hybrid,random,15.9587,5980.19
213,insertion,ascending,1.00729,212
213,merge,ascending,12.307,873
213,hybrid,ascending,4.97857,527
213,insertion,descending,42.0947,22790
213,merge,descending,12.8287,788
213,hybrid,descending,10.0784,3252
213,insertion,random,23.1387,11494.1
213,merge,random,18.6199,1384.2
213,hybrid,random,15.2564,6032.45
214,insertion,ascending,1.02686,213
214,merge,ascending,12.4403,877
214,hybrid,ascending,4.94943,529
214,insertion,descending,43.3069,23004
214,merge,descending,12.8403,793
214,hybrid,descending,10.1539,3281
214,insertion,random,23.5903,11583.6
214,merge,random,18.7296,1391.83
214,hybrid,random,15.4393,6086.84
215,insertion,ascending,1.01386,214
215,merge,ascending,12.4923,881
215,hybrid,ascending,4.97643,531
215,insertion,descending,44.8279,23219
215,merge,descending,12.8756,798
215,hybrid,descending,10.1793,3310
215,insertion,random,24.3514,11695.7
215,merge,random,18.8073,1399.71
215,hybrid,random,15.6317,6151
216,insertion,ascending,1.01443,215
216,merge,ascending,12.4953,884
216,hybrid,ascending,4.96286,532
216,insertion,descending,44.8627,23435
216,merge,descending,12.8964,804
216,hybrid,descending,10.1416,3340
216,insertion,random,24.4223,11815.6
216,merge,random,18.89,1407.69
216,hybrid,random,15.6581,6200.49
217,insertion,ascending,1.02429,216
217,merge,ascending,12.608,889
217,hybrid,ascending,4.98014,536
217,insertion,descending,44.4214,23652
217,merge,descending,12.9819,808
217,hybrid,descending,10.3351,3368
217,insertion,random,24.2801,11924.6
217,merge,random,18.9726,1415.34
217,hybrid,random,15.8976,6256.01
218,insertion,ascending,1.04329,217
218,merge,ascending,12.657,893
218,hybrid,ascending,4.98614,539
218,insertion,descending,46.1686,23870
218,merge,descending,12.9847,813
218,hybrid,descending,10.4027,3397
218,insertion,random,25.0474,12036
218,merge,random,19.0297,1423.56
218,hybrid,random,15.9937,6309.81
219,insertion,ascending,1.04371,218
219,merge,ascending,12.955,897
219,hybrid,ascending,5.02986,542
219,insertion,descending,45.9454,24089
219,merge,descending,13.1304,818
219,hybrid,descending,10.4711,3426
219,insertion,random,25.0149,12138.3
219,merge,random,19.277,1431.34
219,hybrid,random,16.1736,6371.17
220,insertion,ascending,1.02643,219
220,merge,ascending,12.8051,900
220,hybrid,ascending,5.08014,544
220,insertion,descending,46.4649,24309
220,merge,descending,13.0973,824
220,hybrid,descending,10.4309,3456
220,insertion,random,25.2314,12251.6
220,merge,random,19.2203,1439.29
220,hybrid,random,16.2669,6425.66
221,insertion,ascending,1.04357,220
221,merge,ascending,12.8934,904
221,hybrid,ascending,5.08686,547
221,insertion,descending,47.601,24530
221,merge,descending,13.2923,829
221,hybrid,descending,10.788,3485
221,insertion,random,25.7366,12355.5
221,merge,random,19.2291,1447.13
221,hybrid,random,16.4316,6482.51
222,insertion,ascending,1.04657,221
222,merge,ascending,13.0116,907
222,hybrid,ascending,5.07,549
222,insertion,descending,47.7891,24752
222,merge,descending,13.2166,835
222,hybrid,descending,10.7899,3515
222,insertion,random,25.8356,12466.8
222,merge,random,19.3204,1455.09
222,hybrid,random,16.4956,6541.64
223,insertion,ascending,1.04343,222
223,merge,ascending,13.138,910
223,hybrid,ascending,5.102,551
223,insertion,descending,47.9057,24975
223,merge,descending,13.196,841
223,hybrid,descending,10.8239,3545
223,insertion,random,26.0553,12588.6
223,merge,random,19.3299,1462.86
223,hybrid,random,16.6666,6597.17
224,insertion,ascending,1.04643,223
224,merge,ascending,12.9926,912
224,hybrid,ascending,5.07086,552
224,insertion,descending,48.2143,25199
224,merge,descending,13.2217,848
224,hybrid,descending,10.9151,3576
224,insertion,random,26.1727,12694.6
224,merge,random,19.3706,1470.77
224,hybrid,random,16.8489,6652.2
225,insertion,ascending,1.05871,224
225,merge,ascending,13.1371,918
225,hybrid,ascending,5.05571,556
225,insertion,descending,48.8359,25424
225,merge,descending,13.3457,851
225,hybrid,descending,11.1414,3605
225,insertion,random,26.5641,12811.4
225,merge,random,19.498,1478.99
225,hybrid,random,16.909,6710.98
226,insertion,ascending,1.05471,225
226,merge,ascending,13.2146,923
226,hybrid,ascending,5.09771,559
226,insertion,descending,49.1073,25650
226,merge,descending,13.3774,855
226,hybrid,descending,11.1533,3635
226,insertion,random,26.6667,12925.9
226,merge,random,19.7274,1487.02
226,hybrid,random,17.0426,6763.84
227,insertion,ascending,1.08914,226
227,merge,ascending,13.2231,928
227,hybrid,ascending,5.09943,562
227,insertion,descending,49.5546,25877
227,merge,descending,13.3916,859
227,hybrid,descending,11.22,3665
227,insertion,random,26.8831,13047.5
227,merge,random,19.73,1494.97
227,hybrid,random,17.2133,6830.19
228,insertion,ascending,1.04757,227
228,merge,ascending,13.217,932
228,hybrid,ascending,5.06786,564
228,insertion,descending,49.8291,26105
228,merge,descending,13.4486,864
228,hybrid,descending,11.2337,3696
228,insertion,random,27.0707,13159.6
228,merge,random,19.9521,1502.59
228,hybrid,random,17.164,6884.54
229,insertion,ascending,1.057,228
229,merge,ascending,13.3081,937
229,hybrid,ascending,5.09886,567
229,insertion,descending,51.1726,26334
229,merge,descending,13.6506,868
229,hybrid,descending,11.3736,3726
229,insertion,random,27.7054,13262.1
229,merge,random,20.1257,1510.69
229,hybrid,random,17.5433,6948.56
230,insertion,ascending,1.06557,229
230,merge,ascending,13.2969,941
230,hybrid,ascending,5.15257,569
230,insertion,descending,51.4791,26564
230,merge,descending,13.8526,873
230,hybrid,descending,11.3336,3757
230,insertion,random,27.695,13377.3
230,merge,random,20.302,1518.55
230,hybrid,random,17.5934,7007.35
231,insertion,ascending,1.04257,230
231,merge,ascending,13.3259,945
231,hybrid,ascending,5.09971,571
231,insertion,descending,51.415,26795
231,merge,descending,13.8917,878
231,hybrid,descending,11.3404,3788
231,insertion,random,27.8276,13491.3
231,merge,random,20.3123,1526.68
231,hybrid,random,17.5817,7065.1
232,insertion,ascending,1.049,231
232,merge,ascending,13.4801,948
232,hybrid,ascending,5.16786,572
232,insertion,descending,52.5096,27027
232,merge,descending,13.8919,884
232,hybrid,descending,11.3887,3820
232,insertion,random,28.2437,13614.8
232,merge,random,20.3604,1534.6
232,hybrid,random,17.8846,7129.54
233,insertion,ascending,1.09371,232
233,merge,ascending,13.5599,953
233,hybrid,ascending,5.08057,576
233,insertion,descending,52.4219,27260
233,merge,descending,14.122,888
233,hybrid,descending,11.4939,3850
233,insertion,random,28.3063,13720.4
233,merge,random,20.4911,1542.72
233,hybrid,random,17.8607,7184.12
234,insertion,ascending,1.05986,233
234,merge,ascending,13.7783,957
234,hybrid,ascending,5.17957,579
234,insertion,descending,53.5696,27494
234,merge,descending,14.1244,893
234,hybrid,descending,11.6577,3881
234,insertion,random,28.8546,13852.2
234,merge,random,20.6486,1550.48
234,hybrid,random,18.0777,7244.87
235,insertion,ascending,1.06957,234
235,merge,ascending,13.9714,961
235,hybrid,ascending,5.22157,582
235,insertion,descending,53.3899,27729
235,merge,descending,14.2309,898
235,hybrid,descending,11.805,3912
235,insertion,random,28.9697,13983.2
235,merge,random,20.7324,1558.51
235,hybrid,random,18.3059,7307.17
236,insertion,ascending,1.06343,235
236,merge,ascending,14.048,964
236,hybrid,ascending,5.17929,584
236,insertion,descending,54.1354,27965
236,merge,descending,14.2103,904
236,hybrid,descending,11.8324,3944
236,insertion,random,29.3093,14094.6
236,merge,random,20.8953,1566.32
236,hybrid,random,18.3794,7366.64
237,insertion,ascending,1.06614,236
237,merge,ascending,14.1967,968
237,hybrid,ascending,5.261,587
237,insertion,descending,55.1999,28202
237,merge,descending,14.3381,909
237,hybrid,descending,12.0673,3975
237,insertion,random,29.7874,14206.8
237,merge,random,21.0163,1574.34
237,hybrid,random,18.5776,7424.22
238,insertion,ascending,1.08543,237
238,merge,ascending,14.2281,971
238,hybrid,ascending,5.36571,589
238,insertion,descending,54.6991,28440
238,merge,descending,14.3193,915
238,hybrid,descending,12.1066,4007
238,insertion,random,29.443,14326.7
238,merge,random,21.1661,1582.49
238,hybrid,random,18.5217,7481.72
239,insertion,ascending,1.04814,238
239,merge,ascending,14.2446,974
239,hybrid,ascending,5.282,591
239,insertion,descending,55.5601,28679
239,merge,descending,14.4001,921
239,hybrid,descending,12.144,4039
239,insertion,random,29.9001,14436
239,merge,random,21.1904,1590.31
239,hybrid,random,18.7706,7538.39
240,insertion,ascending,1.07443,239
240,merge,ascending,14.1247,976
240,hybrid,ascending,5.19386,592
240,insertion,descending,55.9373,28919
240,merge,descending,14.3373,928
240,hybrid,descending,12.0871,4072
240,insertion,random,30.2483,14559.9
240,merge,random,21.3017,1598.12
240,hybrid,random,18.8191,7609.61
241,insertion,ascending,1.01571,240
241,merge,ascending,14.0664,981
241,hybrid,ascending,5.66357,611
241,insertion,descending,55.5779,29160
241,merge,descending,14.2276,932
241,hybrid,descending,12.061,4103
241,insertion,random,30.0184,14693.9
241,merge,random,21.2333,1606.04
241,hybrid,random,18.7926,7676.23
242,insertion,ascending,1.02214,241
242,merge,ascending,14.103,985
242,hybrid,ascending,5.92929,629
242,insertion,descending,56.0829,29402
242,merge,descending,14.3526,937
242,hybrid,descending,12.1114,4135
242,insertion,random,30.2451,14804.9
242,merge,random,21.3487,1614.13
242,hybrid,random,18.9306,7733.49
243,insertion,ascending,1.02529,242
243,merge,ascending,14.1191,989
243,hybrid,ascending,6.00557,647
243,insertion,descending,56.57,29645
243,merge,descending,14.4184,942
243,hybrid,descending,12.0983,4167
243,insertion,random,30.4909,14933.9
243,merge,random,21.374,1622.24
243,hybrid,random,19.0151,7791.24
244,insertion,ascending,1.02429,243
244,merge,ascending,14.1256,992
244,hybrid,ascending,6.03714,664
244,insertion,descending,56.9911,29889
244,merge,descending,14.5194,948
244,hybrid,descending,12.1534,4200
244,insertion,random,30.6747,15056.7
244,merge,random,21.5046,1630.25
244,hybrid,random,19.221,7858.69
245,insertion,ascending,1.02414,244
245,merge,ascending,14.2359,996
245,hybrid,ascending,6.33043,682
245,insertion,descending,56.5563,30134
245,merge,descending,14.6547,953
245,hybrid,descending,12.2097,4232
245,insertion,random,30.5403,15175.8
245,merge,random,21.616,1638.12
245,hybrid,random,19.2717,7920.29
246,insertion,ascending,1.02814,245
246,merge,ascending,14.2753,999
246,hybrid,ascending,6.65343,699
246,insertion,descending,57.5399,30380
246,merge,descending,14.7921,959
246,hybrid,descending,12.3314,4265
246,insertion,random,30.9724,15299.1
246,merge,random,21.7279,1646.33
246,hybrid,random,19.4229,7989.44
247,insertion,ascending,1.02771,246
247,merge,ascending,14.305,1002
247,hybrid,ascending,6.89057,716
247,insertion,descending,58.0951,30627
247,merge,descending,14.8627,965
247,hybrid,descending,12.372,4298
247,insertion,random,31.2231,15424.7
247,merge,random,21.7921,1654.17
247,hybrid,random,19.5403,8044.14
248,insertion,ascending,1.03086,247
248,merge,ascending,14.268,1004
248,hybrid,ascending,6.97986,732
248,insertion,descending,58.767,30875
248,merge,descending,14.906,972
248,hybrid,descending,12.4813,4332
248,insertion,random,31.5327,15543.5
248,merge,random,21.8537,1662.38
248,hybrid,random,19.6999,8108.44
249,insertion,ascending,1.02943,248
249,merge,ascending,14.3767,1008
249,hybrid,ascending,7.00286,736
249,insertion,descending,59.5719,31124
249,merge,descending,14.9399,977
249,hybrid,descending,12.6657,4364
249,insertion,random,31.8711,15667.4
249,merge,random,21.9601,1670.03
249,hybrid,random,19.8563,8176.25
